url,category_code,category_description,,Notes
http://www.kuna.net.kw/,News,News and media,,
http://www.alarabimag.com/,News,News and media,,
http://www.aljasem.org,News,News and media,,
http://al-seyassah.com/,News,News and media,,
http://www.arabtimesonline.com,News,News and media,,
http://www.eslah.com,News,News and media,,
http://www.icmkw.org/site/index.php,News,News and media,,
http://news.kuwaittimes.net/website/,News,News and media,,
http://www.alzebda.com/,News,News and media,,
http://www.aljarida.com/,News,News and media,,
http://www.alraimedia.com/,News,News and media,,
http://alwatan.kuwait.tt/,News,News and media,,
http://www.alaan.cc/,News,News and media,,
http://www.alanba.com.kw/newspaper/,News,News and media,,
http://www.kuwaitnews.com/,News,News and media,,
http://alqabas.com/,News,News and media,,
http://www.alwasat.com.kw/,News,News and media,,
http://www.alshahedkw.com/,News,News and media,,
http://www.almustagbal.com/,News,News and media,,
http://www.sabr.cc/,News,News and media,,
http://www.hadath.net/,News,News and media,,
http://dasmannews.com/,News,News and media,,
http://alhasela.com/news/,News,News and media,,
http://www.alhakea.com/word/,News,News and media,,
http://www.kathima.com/,News,News and media,,
http://www.enferaad.com/default2.aspx?cid=-1,News,News and media,,
http://www.alkuwaityah.com/,News,News and media,,
http://www.alamal.com.kw/?lang=ar,News,News and media,,
http://www.reqaba.com/default2.aspx?cid=-1,News,News and media,,
http://www.citytalks.co.uk/,News,News and media,,
http://www.d1ya.com/,News,News and media,,
http://www.mostaqil.org/site/,News,News and media,,
http://www.ku8na.com/,News,News and media,,
http://www.alsawtnews.cc/,News,News and media,,
http://www.alblaad.com/,News,News and media,,
http://www.25feb.net/,News,News and media,,
http://almada.cc/,News,News and media,,
http://www.ala7rarq8.com/,News,News and media,,
http://mssdr.com/,News,News and media,,
http://www.alshamiya-news.com/,News,News and media,,
http://alummahnews.com/,News,News and media,,
http://www.jaridatcom.com/,News,News and media,,
http://www.alerada.net/,News,News and media,,
http://hmak.org/main/,News,News and media,,
http://taqadomi.com/,News,News and media,,
https://media.gov.kw/,News,News and media,,
http://media.gov.kw/,News,News and media,,
https://moi.gov.kw/portal/varabic/,News,News and media,,
