url,category_code,secondary_category,subcategory,comments,,,,,,,,,,,,,,,,,,,,,,
http://addalinews.com ,NEWS,Local media,,,,,,,,,,,,,,,,,,,,,,,,
http://aden-agency.com/ ,NEWS,Local media,,,,,,,,,,,,,,,,,,,,,,,,
http://aden-beat.net/ ,NEWS,Local media,,,,,,,,,,,,,,,,,,,,,,,,
http://aden-online.com/ ,NEWS,Local media,,,,,,,,,,,,,,,,,,,,,,,,
http://aden-post.com ,NEWS,Local media,,,,,,,,,,,,,,,,,,,,,,,,
http://adenalhaqeqah.com ,NEWS,Local media,,,,,,,,,,,,,,,,,,,,,,,,
http://adenalyoum.com/ ,NEWS,Local media,,,,,,,,,,,,,,,,,,,,,,,,
http://adengulfnews.com ,NEWS,Local media,,,,,,,,,,,,,,,,,,,,,,,,
http://adenhurra.com/ ,NEWS,Local media,,,,,,,,,,,,,,,,,,,,,,,,
http://adenpress.com/ ,NEWS,Local media,,,,,,,,,,,,,,,,,,,,,,,,
http://adenprovince.net ,NEWS,Local media,,,,,,,,,,,,,,,,,,,,,,,,
http://ahgaftoday.com/new/ ,NEWS,Local media,,,,,,,,,,,,,,,,,,,,,,,,
http://al-islah.net/Default.aspx ,NEWS,Local media,,,,,,,,,,,,,,,,,,,,,,,,
http://alahale.net ,NEWS,Local media,,,,,,,,,,,,,,,,,,,,,,,,
http://alainonline.net ,NEWS,Local media,,,,,,,,,,,,,,,,,,,,,,,,
http://albadeel.info ,NEWS,Local media,,,,,,,,,,,,,,,,,,,,,,,,
http://albaidaonline.com/index.php ,NEWS,Local media,,,,,,,,,,,,,,,,,,,,,,,,
http://alealamy.net ,NEWS,Local media,,,,,,,,,,,,,,,,,,,,,,,,
http://aleqtisad-news.net ,NEWS,Local media,,,,,,,,,,,,,,,,,,,,,,,,
http://aleshteraky.com ,NEWS,Local media,,,,,,,,,,,,,,,,,,,,,,,,
http://alfjeralgaaded.net/ ,NEWS,Local media,,,,,,,,,,,,,,,,,,,,,,,,
http://alhakk.net ,NEWS,Local media,,,,,,,,,,,,,,,,,,,,,,,,
http://alhurryh.net ,NEWS,Local media,,,,,,,,,,,,,,,,,,,,,,,,
http://alittihadpress.net ,NEWS,Local media,,,,,,,,,,,,,,,,,,,,,,,,
http://almadaniya.net/ ,NEWS,Local media,,,,,,,,,,,,,,,,,,,,,,,,
http://almasdaronline.net ,NEWS,Local media,,,,,,,,,,,,,,,,,,,,,,,,
http://almashhad-alyemeni.com/index.php ,NEWS,Local media,,,,,,,,,,,,,,,,,,,,,,,,
http://almotamar.net/news/ ,NEWS,Yemen General Peoples Congress,,,,,,,,,,,,,,,,,,,,,,,,
http://alomanaa.net ,NEWS,Local media,,,,,,,,,,,,,,,,,,,,,,,,
http://alrshadpress.net ,NEWS,Local media,,,,,,,,,,,,,,,,,,,,,,,,
http://alsulta-alrabea.com/index.php ,NEWS,Local media,,,,,,,,,,,,,,,,,,,,,,,,
http://aluroobah.net/ ,NEWS,Local media,,,,,,,,,,,,,,,,,,,,,,,,
http://amrannews.net/ ,NEWS,Local media,,,,,,,,,,,,,,,,,,,,,,,,
http://amranpress.net/ ,NEWS,Local media,,,,,,,,,,,,,,,,,,,,,,,,
http://ansar-allah.net/ ,NEWS,Ansar Allah ,,,,,,,,,,,,,,,,,,,,,,,,
http://armiesofliberation.com ,POLT,Armies of Liberation,,,,,,,,,,,,,,,,,,,,,,,,
http://awraqpress.net/portal/ ,NEWS,Local media,,,,,,,,,,,,,,,,,,,,,,,,
http://azaal.tv ,NEWS,Local media,,,,,,,,,,,,,,,,,,,,,,,,
http://banderhad.com ,NEWS,Local media,,,,,,,,,,,,,,,,,,,,,,,,
http://cyemen.com ,POLT,Yemen youth,,,,,,,,,,,,,,,,,,,,,,,,
http://dammon.net ,NEWS,Local media,,,,,,,,,,,,,,,,,,,,,,,,
http://dhal3.com,NEWS,Local media,,,,,,,,,,,,,,,,,,,,,,,,
http://eensan.net,NEWS,Local media,,,,,,,,,,,,,,,,,,,,,,,,
http://elmaam.net/,NEWS,Local media,,,,,,,,,,,,,,,,,,,,,,,,
http://freedom-ye.com,NEWS,Local media,,,,,,,,,,,,,,,,,,,,,,,,
http://hadhramautnews.net,NEWS,Local media,,,,,,,,,,,,,,,,,,,,,,,,
http://hadrmoutpress.com/index.php,NEWS,Local media,,,,,,,,,,,,,,,,,,,,,,,,
http://hajjahnet.net/portal/,NEWS,Local media,,,,,,,,,,,,,,,,,,,,,,,,
http://hasadagency.com/,NEWS,Local media,,,,,,,,,,,,,,,,,,,,,,,,
http://hdrmutonline.com,NEWS,Local media,,,,,,,,,,,,,,,,,,,,,,,,
http://hodeidah.net,NEWS,Local media,,,,,,,,,,,,,,,,,,,,,,,,
http://hodpress.com,NEWS,Local media,,,,,,,,,,,,,,,,,,,,,,,,
http://honahadhramout.com/,NEWS,Local media,,,,,,,,,,,,,,,,,,,,,,,,
http://houdhod.com/,NEWS,Local media,,,,,,,,,,,,,,,,,,,,,,,,
http://hournews.net,NEWS,Local media,,,,,,,,,,,,,,,,,,,,,,,,
http://hunaaden.com,NEWS,Local media,,,,,,,,,,,,,,,,,,,,,,,,
http://ibb-press.net/index.php,NEWS,Local media,,,,,,,,,,,,,,,,,,,,,,,,
http://kamaranpress.com/,NEWS,Local media,,,,,,,,,,,,,,,,,,,,,,,,
http://khabaragency.net/,NEWS,Yemen GPC News website,,,,,,,,,,,,,,,,,,,,,,,,
http://khabrpress.com,NEWS,Local media,,,,,,,,,,,,,,,,,,,,,,,,
http://lahjnews.net/news/,NEWS,Local media,,,,,,,,,,,,,,,,,,,,,,,,
http://mandabpress.com,NEWS,Local media,,,,,,,,,,,,,,,,,,,,,,,,
http://masapress.net/,NEWS,Local media,,,,,,,,,,,,,,,,,,,,,,,,
http://mokawamah.net/portal/,NEWS,Local media,,,,,,,,,,,,,,,,,,,,,,,,
http://moragboonpress.net/index.php,NEWS,Local media,,,,,,,,,,,,,,,,,,,,,,,,
http://muharernet.com/,NEWS,Local media,,,,,,,,,,,,,,,,,,,,,,,,
http://mukallastar.com/,NEWS,Local media,,,,,,,,,,,,,,,,,,,,,,,,
http://nabdalsharea.com,NEWS,Local media,,,,,,,,,,,,,,,,,,,,,,,,
http://nabdalsharea.com/,NEWS,Local media,,,,,,,,,,,,,,,,,,,,,,,,
http://nashwannews.com/,NEWS,Local media,,,,,,,,,,,,,,,,,,,,,,,,
http://nbaonline.org/,NEWS,Local media,,,,,,,,,,,,,,,,,,,,,,,,
http://newslive-ye.com,NEWS,Local media,,,,,,,,,,,,,,,,,,,,,,,,
http://newslive-ye.com/,NEWS,Local media,,,,,,,,,,,,,,,,,,,,,,,,
http://saadahpress.net/news/,NEWS,Local media,,,,,,,,,,,,,,,,,,,,,,,,
http://saadanet.net/,NEWS,Local media,,,,,,,,,,,,,,,,,,,,,,,,
http://saadaonline.com,NEWS,Local media,,,,,,,,,,,,,,,,,,,,,,,,
http://sabanews.net/ar/,NEWS,Yemen Government news agency,,,,,,,,,,,,,,,,,,,,,,,,
http://safannews.net/,NEWS,Local media,,,,,,,,,,,,,,,,,,,,,,,,
http://sahafah.net,NEWS,Local media,,,,,,,,,,,,,,,,,,,,,,,,
http://saharejaden.net/,NEWS,Local media,,,,,,,,,,,,,,,,,,,,,,,,
http://samaa-news.net/index.php,NEWS,Local media,,,,,,,,,,,,,,,,,,,,,,,,
http://samapress.net/index.php,NEWS,Local media,,,,,,,,,,,,,,,,,,,,,,,,
http://sanaanews.net/,NEWS,Local media,,,,,,,,,,,,,,,,,,,,,,,,
http://sanaatimes.net/,NEWS,Local media,,,,,,,,,,,,,,,,,,,,,,,,
http://sawt-eshaab.net/,NEWS,Local media,,,,,,,,,,,,,,,,,,,,,,,,
http://suhail.net/,NEWS,Local media,,,,,,,,,,,,,,,,,,,,,,,,
http://tahamatoday.tadwen.net,NEWS,Local media,,,,,,,,,,,,,,,,,,,,,,,,
http://taizcity.net,NEWS,Local media,,,,,,,,,,,,,,,,,,,,,,,,
http://takatol.net,NEWS,Local media,,,,,,,,,,,,,,,,,,,,,,,,
http://www.26sep.net,NEWS,Local media,,,,,,,,,,,,,,,,,,,,,,,,
http://www.aden-now.com/,NEWS,Local media,,,,,,,,,,,,,,,,,,,,,,,,
http://www.adenalhadath.net/,NEWS,Local media,,,,,,,,,,,,,,,,,,,,,,,,
http://www.adenalmnarh.com,NEWS,Local media,,,,,,,,,,,,,,,,,,,,,,,,
http://www.adenpress.com,NEWS,Local media,,,,,,,,,,,,,,,,,,,,,,,,
http://www.al-ayyam.info,NEWS,Local media,,,,,,,,,,,,,,,,,,,,,,,,
http://www.al-baath.net,NEWS,Local media,,,,,,,,,,,,,,,,,,,,,,,,
http://www.al-balagh.net,NEWS,Local media,,,,,,,,,,,,,,,,,,,,,,,,
http://www.al-islah.net/,NEWS,Local media,,,,,,,,,,,,,,,,,,,,,,,,
http://www.al-masdar.com,NEWS,Local media,,,,,,,,,,,,,,,,,,,,,,,,
http://www.al-osra.net,NEWS,Local media,,,,,,,,,,,,,,,,,,,,,,,,
http://www.al-shoura.org,POLT,Al-Shoura political party,,,,,,,,,,,,,,,,,,,,,,,,
http://www.al-tagheer.com/index.php,NEWS,Local media,,,,,,,,,,,,,,,,,,,,,,,,
http://www.al-tagheer.net,NEWS,Local media,,,,,,,,,,,,,,,,,,,,,,,,
http://www.aladhwaa.net,NEWS,Local media,,,,,,,,,,,,,,,,,,,,,,,,
http://www.albaidanews.com,NEWS,Local media,,,,,,,,,,,,,,,,,,,,,,,,
http://www.albaidaonline.com,NEWS,Local media,,,,,,,,,,,,,,,,,,,,,,,,
http://www.albaldnews.com,NEWS,Local media,,,,,,,,,,,,,,,,,,,,,,,,
http://www.albidapress.net/press/,NEWS,Local media,,,,,,,,,,,,,,,,,,,,,,,,
http://www.albidaweb.com/index.php,NEWS,Local media,,,,,,,,,,,,,,,,,,,,,,,,
http://www.alestethmar.net,NEWS,Local media,,,,,,,,,,,,,,,,,,,,,,,,
http://www.alettejah.net,NEWS,Local media,,,,,,,,,,,,,,,,,,,,,,,,
http://www.alganob.net/g/index.asp,NEWS,Local media,,,,,,,,,,,,,,,,,,,,,,,,
http://www.alghadyem.net/,NEWS,Local media,,,,,,,,,,,,,,,,,,,,,,,,
http://www.algomhoriah.net/,NEWS,Local media,,,,,,,,,,,,,,,,,,,,,,,,
http://www.alhadath-yemen.com,NEWS,Local media,,,,,,,,,,,,,,,,,,,,,,,,
http://www.alhaqeeqanews.net,NEWS,Local media,,,,,,,,,,,,,,,,,,,,,,,,
http://www.alhawyah.com/,NEWS,Local media,,,,,,,,,,,,,,,,,,,,,,,,
http://www.alheyad.net/index.php,NEWS,Local media,,,,,,,,,,,,,,,,,,,,,,,,
http://www.aliqtisadonline.net,NEWS,Local media,,,,,,,,,,,,,,,,,,,,,,,,
http://www.aljadeedpress.net,NEWS,Local media,,,,,,,,,,,,,,,,,,,,,,,,
http://www.aljanad.net,NEWS,Local media,,,,,,,,,,,,,,,,,,,,,,,,
http://www.aljmaheerpress.com,NEWS,Local media,,,,,,,,,,,,,,,,,,,,,,,,
http://www.alkhabarnow.net/news/,NEWS,Local media,,,,,,,,,,,,,,,,,,,,,,,,
http://www.alkheel.net/,NEWS,Local media,,,,,,,,,,,,,,,,,,,,,,,,
http://www.almarsd.net/index.html,NEWS,Local media,,,,,,,,,,,,,,,,,,,,,,,,
http://www.almasdaronline.com,NEWS,Local media,,,,,,,,,,,,,,,,,,,,,,,,
http://www.almasirah.tv/,NEWS,Houthi official TV,,,,,,,,,,,,,,,,,,,,,,,,
http://www.alraipress.com/index.php,NEWS,Local media,,,,,,,,,,,,,,,,,,,,,,,,
http://www.alsaeedah-tv.com/,NEWS,Local media,,,,,,,,,,,,,,,,,,,,,,,,
http://www.alsahwa-yemen.net/default.aspx,NEWS,Local media,,,,,,,,,,,,,,,,,,,,,,,,
http://www.althawranews.net/,NEWS,Local media,,,,,,,,,,,,,,,,,,,,,,,,
http://www.alwahdawi.net/index.php,NEWS,Local media,,,,,,,,,,,,,,,,,,,,,,,,
http://www.alyemeny.com/,NEWS,Local media,,,,,,,,,,,,,,,,,,,,,,,,
http://www.alyompress.com,NEWS,Local media,,,,,,,,,,,,,,,,,,,,,,,,
http://www.amraan.net/,NEWS,Local media,,,,,,,,,,,,,,,,,,,,,,,,
http://www.amraan.net/index.php,NEWS,Local media,,,,,,,,,,,,,,,,,,,,,,,,
http://www.anbayemen.com/index.php,NEWS,Local media,,,,,,,,,,,,,,,,,,,,,,,,
http://www.ansarallah.net/,NEWS,Ansar Allah,,,,,,,,,,,,,,,,,,,,,,,,
http://www.asrarpress.net/index.php,NEWS,Local media,,,,,,,,,,,,,,,,,,,,,,,,
http://www.attariq-ye.com/,NEWS,Local media,,,,,,,,,,,,,,,,,,,,,,,,
http://www.awanpress.net,NEWS,Local media,,,,,,,,,,,,,,,,,,,,,,,,
http://www.azaal.tv/,NEWS,Local media,,,,,,,,,,,,,,,,,,,,,,,,
http://www.bakilnews.com,NEWS,Local media,,,,,,,,,,,,,,,,,,,,,,,,
http://www.barakish.net/index.aspx,NEWS,Local media,,,,,,,,,,,,,,,,,,,,,,,,
http://www.buyemen.com/,NEWS,Local media,,,,,,,,,,,,,,,,,,,,,,,,
http://www.dhamarpress.com/home,NEWS,Local media,,,,,,,,,,,,,,,,,,,,,,,,
http://www.felixnews.com,NEWS,Local media,,,,,,,,,,,,,,,,,,,,,,,,
http://www.freedom-ye.com/,NEWS,Local media,,,,,,,,,,,,,,,,,,,,,,,,
http://www.hadarem.net/,NEWS,Local media,,,,,,,,,,,,,,,,,,,,,,,,
http://www.hadhramout-almasa.com,NEWS,Local media,,,,,,,,,,,,,,,,,,,,,,,,
http://www.hadramaut.net,NEWS,Local media,,,,,,,,,,,,,,,,,,,,,,,,
http://www.hajjah-today.com,NEWS,Local media,,,,,,,,,,,,,,,,,,,,,,,,
http://www.hdgatewaynews.com/news/,NEWS,Local media,,,,,,,,,,,,,,,,,,,,,,,,
http://www.hodnews.com,NEWS,Local media,,,,,,,,,,,,,,,,,,,,,,,,
http://www.honahadhramout.com,NEWS,Local media,,,,,,,,,,,,,,,,,,,,,,,,
http://www.hshd.net/index.php,NEWS,Local media,,,,,,,,,,,,,,,,,,,,,,,,
http://www.ibb-press.com/,NEWS,Local media,,,,,,,,,,,,,,,,,,,,,,,,
http://www.ibb-press.net/index.php,NEWS,Local media,,,,,,,,,,,,,,,,,,,,,,,,
http://www.madaraden.com/madar/,NEWS,Local media,,,,,,,,,,,,,,,,,,,,,,,,
http://www.manaralyemen.com/,NEWS,Local media,,,,,,,,,,,,,,,,,,,,,,,,
http://www.marebnews.com/,NEWS,Local media,,,,,,,,,,,,,,,,,,,,,,,,
http://www.marebpress.net,NEWS,Local media,,,,,,,,,,,,,,,,,,,,,,,,
http://www.mayonews.net,NEWS,Local media,,,,,,,,,,,,,,,,,,,,,,,,
http://www.mayonews.net/ad/,NEWS,Local media,,,,,,,,,,,,,,,,,,,,,,,,
http://www.mix-news.com/,NEWS,Local media,,,,,,,,,,,,,,,,,,,,,,,,
http://www.moragboonpress.net/,NEWS,Local media,,,,,,,,,,,,,,,,,,,,,,,,
http://www.mukalla-star.com/news/,NEWS,Local media,,,,,,,,,,,,,,,,,,,,,,,,
http://www.mukallatoday.com/,NEWS,Local media,,,,,,,,,,,,,,,,,,,,,,,,
http://www.mukallatoday.com/home.aspx,NEWS,Local media,,,,,,,,,,,,,,,,,,,,,,,,
http://www.nabanews.net,NEWS,Local media,,,,,,,,,,,,,,,,,,,,,,,,
http://www.newslive-ye.com/index.php,NEWS,Local media,,,,,,,,,,,,,,,,,,,,,,,,
http://www.newsyafa.com,NEWS,Local media,,,,,,,,,,,,,,,,,,,,,,,,
http://www.newsyemen.net,NEWS,Local media,,,,,,,,,,,,,,,,,,,,,,,,
http://www.newyemen.net,NEWS,Local media,,,,,,,,,,,,,,,,,,,,,,,,
http://www.nsowo.com,NEWS,Local media,,,,,,,,,,,,,,,,,,,,,,,,
http://www.pulseyemen.net/,NEWS,Local media,,,,,,,,,,,,,,,,,,,,,,,,
http://www.raynews.net,NEWS,Local media,,,,,,,,,,,,,,,,,,,,,,,,
http://www.saadahpress.net/,NEWS,Local media,,,,,,,,,,,,,,,,,,,,,,,,
http://www.saadaonline.com/,NEWS,Local media,,,,,,,,,,,,,,,,,,,,,,,,
http://www.sabanew.net,NEWS,Local media,,,,,,,,,,,,,,,,,,,,,,,,
http://www.sadaaden.com/main,NEWS,Local media,,,,,,,,,,,,,,,,,,,,,,,,
http://www.sahtoday.net/index.php,NEWS,Local media,,,,,,,,,,,,,,,,,,,,,,,,
http://www.samaa-news.net/index.php,NEWS,Local media,,,,,,,,,,,,,,,,,,,,,,,,
http://www.sanaacalendar.org/ar/,NEWS,Local media,,,,,,,,,,,,,,,,,,,,,,,,
http://www.shaabonline.com/,NEWS,Local media,,,,,,,,,,,,,,,,,,,,,,,,
http://www.shababyemeni.com,NEWS,Local media,,,,,,,,,,,,,,,,,,,,,,,,
http://www.shabwahpress.net,NEWS,Local media,,,,,,,,,,,,,,,,,,,,,,,,
http://www.soutalgnoub.com,NEWS,Local media,,,,,,,,,,,,,,,,,,,,,,,,
http://www.taiznet.net,NEWS,Local media,,,,,,,,,,,,,,,,,,,,,,,,
http://www.topazpress.net,NEWS,Local media,,,,,,,,,,,,,,,,,,,,,,,,
http://www.voice-yemen.com/,NEWS,Local media,,,,,,,,,,,,,,,,,,,,,,,,
http://www.ye1.org,NEWS,Local media,,,,,,,,,,,,,,,,,,,,,,,,
http://www.yejournal.com/,NEWS,Local media,,,,,,,,,,,,,,,,,,,,,,,,
http://www.yemen-24.com/index.php,NEWS,Local media,,,,,,,,,,,,,,,,,,,,,,,,
http://www.yemen-press.com/index.html,NEWS,Local media,,,,,,,,,,,,,,,,,,,,,,,,
http://www.yemen-today.net,NEWS,Local media,,,,,,,,,,,,,,,,,,,,,,,,
http://www.yemenakhbar.com/,NEWS,Local media,,,,,,,,,,,,,,,,,,,,,,,,
http://www.yemenat.net/,NEWS,Local media,,,,,,,,,,,,,,,,,,,,,,,,
http://www.yemeneconomist.com,NEWS,Local media,,,,,,,,,,,,,,,,,,,,,,,,
http://www.yemenfox.net/,NEWS,Local media,,,,,,,,,,,,,,,,,,,,,,,,
http://www.yemengoal.net/,NEWS,Local media,,,,,,,,,,,,,,,,,,,,,,,,
http://www.yemeniamerican.com,NEWS,Local media,,,,,,,,,,,,,,,,,,,,,,,,
http://www.yemenipress.com/,NEWS,Local media,,,,,,,,,,,,,,,,,,,,,,,,
http://www.yemenkooora.com/,NEWS,Local media,,,,,,,,,,,,,,,,,,,,,,,,
http://www.yemenmirror.com,NEWS,Local media,,,,,,,,,,,,,,,,,,,,,,,,
http://www.yemenportal.net,NEWS,Local media,,,,,,,,,,,,,,,,,,,,,,,,
http://www.yemenpost.net/,NEWS,Local media,,,,,,,,,,,,,,,,,,,,,,,,
http://www.yemensaeed.com/index.php,NEWS,Local media,,,,,,,,,,,,,,,,,,,,,,,,
http://www.yemensaeed.net/,NEWS,Local media,,,,,,,,,,,,,,,,,,,,,,,,
http://www.yemensky.com/,NEWS,Local media,,,,,,,,,,,,,,,,,,,,,,,,
http://www.yementimes.com,NEWS,Local media,,,,,,,,,,,,,,,,,,,,,,,,
http://www.yementoday.net/,NEWS,Local media,,,,,,,,,,,,,,,,,,,,,,,,
http://www.yementodaytv.net/,NEWS,Local media,,,,,,,,,,,,,,,,,,,,,,,,
http://www.yemenvoice.net/,NEWS,Local media,,,,,,,,,,,,,,,,,,,,,,,,
http://www.yen-news.com/,NEWS,Local media,,,,,,,,,,,,,,,,,,,,,,,,
http://www.ynews24.com,NEWS,Local media,,,,,,,,,,,,,,,,,,,,,,,,
http://yafa-news.net,NEWS,Local media,,,,,,,,,,,,,,,,,,,,,,,,
http://yaman-news.net/,NEWS,Local media,,,,,,,,,,,,,,,,,,,,,,,,
http://yaspr.net,NEWS,Local media,,,,,,,,,,,,,,,,,,,,,,,,
http://yemen-24.com/,NEWS,Local media,,,,,,,,,,,,,,,,,,,,,,,,
http://yemen-live.net/,NEWS,Local media,,,,,,,,,,,,,,,,,,,,,,,,
http://yemencom.net/,NEWS,Local media,,,,,,,,,,,,,,,,,,,,,,,,
http://yemenisport.net/,NEWS,Local media,,,,,,,,,,,,,,,,,,,,,,,,
http://yemennation.net/,NEWS,Local media,,,,,,,,,,,,,,,,,,,,,,,,
http://yemennewsgate.net/,NEWS,Local media,,,,,,,,,,,,,,,,,,,,,,,,
http://yemennewsgate.net/index.php,NEWS,Local media,,,,,,,,,,,,,,,,,,,,,,,,
http://yemenonline.info/,NEWS,Local media,,,,,,,,,,,,,,,,,,,,,,,,
http://yemensky.com/ ,NEWS,Local media,,,,,,,,,,,,,,,,,,,,,,,,
http://yemenstreet.com/ ,NEWS,Local media,,,,,,,,,,,,,,,,,,,,,,,,
http://yementalk.net/ ,NEWS,Local media,,,,,,,,,,,,,,,,,,,,,,,,
http://yementimes.com,NEWS,Local media,,,,,,,,,,,,,,,,,,,,,,,,
http://yna-yemen.net/,NEWS,Local media,,,,,,,,,,,,,,,,,,,,,,,,
http://ysupernews.net/,NEWS,Local media,,,,,,,,,,,,,,,,,,,,,,,,
https://sahafah.net/,NEWS,Local media,,,,,,,,,,,,,,,,,,,,,,,,
www.bawabatii.com,NEWS,Local media,,,,,,,,,,,,,,,,,,,,,,,,
http://abarahpress.com/,NEWS,Local media,,,,,,,,,,,,,,,,,,,,,,,,
http://www.ansarollah.com/,NEWS,Ansar Allah /Houthi media,,,,,,,,,,,,,,,,,,,,,,,,
